ISO_NUM;ISO_2;ISO_3;NAME_GER;NAME_GER_OFF;NAME_ENG;NAME_ENG_OFF;STATUS;ASSOCIATED;DOCUMENT;EU_MEMBER;PART_OF_EU;CONTINENT;PREFIX;TLD;CAR_PLATE;DATE_OF_FORMATION;DATE_OF_RESOLUTION;EXIST_ADD
784;AE;ARE;Abu Dhabi;Emirat Abu Dhabi;Abu Dhabi;Emirate of Abu Dhabi;3;ARE;ARE;N;N;Asien;971;.ae;UAE;;;
10;AQ;ATA;Adélieland;Adélieland;Adélie Land;Adélie Land;2;FRA;FRA;N;N;Antarktis;262;.aq;F;;;
784;AE;ARE;Adschman;Emirat Adschman;Ajman;Emirate of Ajman;3;ARE;ARE;N;N;Asien;971;.ae;UAE;;;
4;AF;AFG;Afghanistan;Islamische Republik Afghanistan;Afghanistan;Islamic Republic of Afghanistan;1;souveräner Staat;AFG;N;N;Asien;93;.af;AFG;2004;9999;V
818;EG;EGY;Ägypten;Arabische Republik Ägypten;Egypt;Arab Repulic of Egypt;1;souveräner Staat;EGY;N;N;Afrika;20;.eg;ET;1971;9999;V
826;GB;GBR;Akrotiri;Akrotiri;Akrotiri;The Souvereign Base Areas of Akrotiri and Dhekelia;3;GBR;CYP;N;J;Europa;44;.uk;GB;;;
248;AX;ALA;Ålandinseln;Ålandinseln;Åland Islands;Åland Islands;2;FIN;FIN;N;J;Europa;35818;.ax;AX;;;
840;US;USA;Alaska;Alaska;Alaska;State of Alaska;3;USA;USA;N;N;Amerika;1907;.us;USA;;;
8;AL;ALB;Albanien;Republik Albanien;Albania;Republic of Albania;1;souveräner Staat;ALB;N;N;Europa;355;.al;AL;1998;9999;V
831;GG;GGY;Alderney;Alderney;Alderney;Alderney;2;GBR;GBR;N;N;Europa;441481;.gg;GBA;;;
840;US;USA;Aleuten;Aleuten;Aleutian Islands;Aleutian Islands;3;USA;USA;N;N;Amerika;1;.us;USA;;;
12;DZ;DZA;Algerien;Demokratische Volksrepublik Algerien;Algeria;People's Democratic Republic of Algeria;1;souveräner Staat;DZA;N;N;Afrika;213;.dz;DZ;1996;9999;V
850;VI;VIR;Amerikanische Jungferninseln;Amerikanische Jungferninseln;United States Virgin Islands;United States Virgin Islands;2;USA;USA;N;N;Amerika;1340;.vi;USA;;;
581;UM;UMI;Amerikanisch-Ozeanien;Amerikanisch-Ozeanien;United States Minor Outlying Islands;United States Minor Outlying Islands;2;USA;USA;N;N;Ozeanien;1;.us;USA;;;
16;AS;ASM;Amerikanisch-Samoa;Amerikanisch-Samoa;American Samoa;American Samoa;2;USA;USA;N;N;Ozeanien;1684;.as;USA;;;
690;SC;SYC;Amiranten;Amiranten;Amirante Islands;Amirante Islands;3;SYC;SYC;N;N;Afrika;248;.sc;SY;;;
356;IN;IND;Andamanen;Andamaneninseln;Andamans;Andaman Islands;3;IND;IND;N;N;Asien;913192;.in;IND;;;
20;AD;AND;Andorra;Fürstentum Andorra;Andorra;Principality of Andorra;1;souveräner Staat;AND;N;N;Europa;376;.ad;AND;1993;9999;V
24;AO;AGO;Angola;Republik Angola;Angola;Republic of Angola;1;souveräner Staat;AGO;N;N;Afrika;244;.ao;ANG;2010;9999;V
660;AI;AIA;Anguilla;Anguilla;Anguilla;Anguilla;2;GBR;GBR;N;N;Amerika;1264;.ai;AXA;;;
28;AG;ATG;Antigua und Barbuda;Antigua und Barbuda;Antigua and Barbuda;Antigua and Barbuda;1;souveräner Staat;ATG;N;N;Amerika;1268;.ag;AG;1981;9999;V
226;GQ;GNQ;Äquatorialguinea;Republik Äquatorialguinea;Equatorial Guinea;Republic of Equatorial Guinea;1;souveräner Staat;GNQ;N;N;Afrika;240;.gq;GQ;1991;9999;V
32;AR;ARG;Argentinien;Argentinische Republik;Argentina;Argentine Republic;1;souveräner Staat;ARG;N;N;Amerika;54;.ar;RA;1881;9999;T
10;AQ;ATA;Argentinische Antarktis;Argentinische Antarktis;Argentine Antarctica;Argentine Antarctica;2;ARG;ARG;N;N;Antarktis;672;.aq;RA;;;
51;AM;ARM;Armenien;Republik Armenien;Armenia;Republic of Armenia;1;souveräner Staat;ARM;N;N;Asien;374;.am;AM;1995;9999;V
533;AW;ABW;Aruba;Aruba;Aruba;Aruba;2;NLD;NLD;N;N;Amerika;297;.aw;ARU;1986;9999;
51;AM;ARM;Arzwaschen;Arzwaschen;Artsvashen;Artsvashen;3;ARM;ARM;N;N;Asien;374;.am;AM;;;
0;AC;ASC;Ascension;Ascension;Ascension;Ascension Island;2;GBR;GBR;N;N;Afrika;247;.ac;GB;;;
31;AZ;AZE;Aserbaidschan;Republik Aserbaidschan;Azerbaijan;Republic of Azerbaijan;1;souveräner Staat;AZE;N;N;Asien;994;.az;AZ;1995;9999;V
36;AU;AUS;Ashmore- und Cartierinseln;Ashmore- und Cartierinseln;Ashmore and Cartier Islands;Ashmore and Cartier Islands;3;AUS;AUS;N;N;Ozeanien;61;.au;AUS;;;
231;ET;ETH;Äthiopien;Demokratische Bundesrepublik Äthiopien;Ethiopia;Federal Democratic Republic of Ethiopia;1;souveräner Staat;ETH;N;N;Afrika;251;.et;ETH;1995;9999;V
230;ET;ETH;Äthiopien (einschl. Eritrea);Äthiopien (einschließlich Eritrea);Ethiopia (inlcuding Eritrea);Ethiopia (inlcuding Eritrea);0;;;;;Afrika;251;.et;ETH;1962;1993;
36;AU;AUS;Australien;Commonwealth von Australien;Australia;Commonwealth of Australia;1;souveräner Staat;AUS;N;N;Ozeanien;61;.au;AUS;1901;9999;V
258;PF;PYF;Australinseln;Australinseln;Austral Islands;Austral Islands;2;FRA;FRA;N;N;Ozeanien;689;.pf;F;;;
620;PT;PRT;Azoren;Azoren;Azores;Azores;3;PRT;PRT;N;J;Europa;351;.pt;P;;;
44;BS;BHS;Bahamas;Commonwealth der Bahamas;Bahamas;Commonwealth of The Bahamas;1;souveräner Staat;BHS;N;N;Amerika;1242;.bs;BS;1973;9999;U=V
48;BH;BHR;Bahrain;Königreich Bahrain;Bahrain;Kingdom of Bahrain;1;souveräner Staat;BHR;N;N;Asien;973;.bh;BRN;1971;9999;V
581;UM;UMI;Bakerinsel;Bakerinsel;Baker Island;Baker Island;2;USA;USA;N;N;Ozeanien;1;.us;USA;;;
724;ES;ESP;Balearen;Balearen;Balearic Islands;Balearic Islands;3;ESP;ESP;N;J;Europa;34;.es;E;;;
50;BD;BGD;Bangladesch;Volksrepublik Bangladesch;Bangladesh;People's Republic of Bangladesh;1;souveräner Staat;BGD;N;N;Asien;880;.bd;BD;1972;9999;V
417;KG;KGZ;Barak;Barak;Barak;Barak;3;KGZ;KGZ;N;N;Asien;996;.kg;KS;;;
52;BB;BRB;Barbados;Barbados;Barbados;Barbados;1;souveräner Staat;BRB;N;N;Amerika;1246;.bb;BDS;1966;9999;V
744;SJ;SJM;Bäreninsel;Bäreninsel;Bear Island;Bear Island;2;NOR;NOR;N;N;Europa;47;.no;N;;;
744;SJ;SJM;Barentsinsel;Barentsinsel;Barent Island;Barent Island;2;NOR;NOR;N;N;Europa;47;.no;N;;;
31;AZ;AZE;Barxudarli;Barxudarli;Barxudarli;Barxudarli;3;AZE;AZE;N;N;Asien;994;.az;AZ;;;
260;TF;ATF;Bassas da India;Bassas da India;Bassas da India;Bassas da India;2;FRA;FRA;N;N;Antarktis;262;.tf;F;;;
56;BE;BEL;Belgien;Königreich Belgien;Belgium;Kingdom of Belgium;1;souveräner Staat;BEL;J, seit 1958;J;Europa;32;.be;B;1831;9999;V
84;BZ;BLZ;Belize;Belize;Belize;Belize;1;souveräner Staat;BLZ;N;N;Amerika;501;.bz;BH;1981;9999;V
204;BJ;BEN;Benin;Republik Benin;Benin;Republic of Benin;1;souveräner Staat;BEN;N;N;Afrika;229;.bj;DY;1960;9999;U
60;BM;BMU;Bermuda;Bermuda;Bermuda;Bermuda;2;GBR;GBR;N;N;Amerika;1441;.bm;GB;;;
64;BT;BTN;Bhutan;Königreich Bhutan;Bhutan;Kingdom of Bhutan;1;souveräner Staat;BTN;N;N;Asien;975;.bt;BHT;2008;9999;V
598;PG;PNG;Bismarck-Archipel;Bismarck-Archipel;Bismarck Archipelago;Bismarck Archipelago;3;PNG;PNG;N;N;Ozeanien;675;.pg;PNG ;;;
68;BO;BOL;Bolivien;Plurinationaler Staat Bolivien;Bolivia;Plurinational State of Bolivia;1;souveräner Staat;BOL;N;N;Amerika;591;.bo;BOL;2009;9999;V
535;BQ;BES;Bonaire, Saint Eustatius und Saba;Bonaire, Saint Eustatius und Saba;Bonaire, Saint Eustatius and Saba;Bonaire, Saint Eustatius and Saba;2;NLD;NLD;N;N;Amerika;599;.an;NA;2010;9999;
392;JP;JPN;Bonininseln;Bonininseln;Bonin Islands;Bonin Islands;3;JPN;JPN;N;N;Asien;81;.jp;J;;;
70;BA;BIH;Bosnien und Herzegowina;Bosnien und Herzegowina;Bosnia and Herzegovina;Republic of Bosnia and Herzegovina;1;souveräner Staat;BIH;N;N;Europa;387;.ba;BIH;1995;9999;V
72;BW;BWA;Botsuana;Republik Botsuana;Botswana;Republic of Botswana;1;souveräner Staat;BWA;N;N;Afrika;267;.bw;BW;1966;9999;U=V
74;BV;BVT;Bouvetinsel;Bouvetinsel;Bouvet Islands;Bouvet Islands;2;NOR;NOR;N;N;Antarktis;47;.bv;N;;;
76;BR;BRA;Brasilien;Föderative Republik Brasilien;Brazil;Federative Republic of Brazil;1;souveräner Staat;BRA;N;N;Amerika;55;.br;BR;1988;9999;V
92;VG;VGB;Britische Jungferninseln;Britische Jungferninseln;British Virgin Islands;British Virgin Islands;2;GBR;GBR;N;N;Amerika;1284;.vg;BVI;;;
86;IO;IOT;Britisches Territorium im Indischen Ozean;Britisches Territorium im Indischen Ozean;British Indian Ocean Territory;British Indian Ocean Territory;2;GBR;GBR;N;N;Asien;246;.io;GB;;;
96;BN;BRN;Brunei Darussalam;Sultanat Brunei Darussalam;Brunei Darussalam;State of Brunei;1;souveräner Staat;BRN;N;N;Asien;673;.bn;BRU;1984;9999;U
100;BG;BGR;Bulgarien;Republik Bulgarien;Bulgaria;Republic of Bulgaria;1;souveräner Staat;BGR;J, seit 2007;J;Europa;359;.bg;BG;1991;9999;V
280;DE;DEU;Bundesrepublik Deutschland ;Bundesrepublik Deutschland (Westdeutschland);West Germany;Federal Republic of Germany;0;;;;;Europa;49;.de;D;1949;1990;
854;BF;BFA;Burkina Faso;Burkina Faso;Burkina Faso;Burkina Faso;1;souveräner Staat;BFA;N;N;Afrika;226;.bf;BF;1991;9999;V
108;BI;BDI;Burundi;Republik Burundi;Burundi;Republic of Burundi;1;souveräner Staat;BDI;N;N;Afrika;257;.bi;RU;2005;9999;V
276;DE;DEU;Büsingen am Hochrhein;Büsingen am Hochrhein;Büsingen am Hochrhein;Büsingen am Hochrhein;3;DEU;DEU;N;J;Europa;49;.de;D;;;
24;AO;AGO;Cabinda;Cabinda;Cabinda;Cabinda;3;AGO;AGO;N;N;Afrika;244;.ao;ANG;;;
796;TC;TCA;Caicosinseln;Caicosinseln;Caicos Islands;Caicos Islands;2;GBR;GBR;N;N;Amerika;1649;.tc;GB;;;
380;IT;ITA;Campione d'Italia;Campione d'Italia;Campione d'Italia;Campione d'Italia;3;ITA;ITA;N;J;Europa;39;.it;I;;;
724;ES;ESP;Ceuta;Ceuta;Ceuta;Ceuta;3;ESP;ESP;N;J;Afrika;34;.es;E;;;
724;ES;ESP;Chafarinas;Chafarinas;Chafarinas;Chafarinas;3;ESP;ESP;N;J;Afrika;34;.es;E;;;
152;CL;CHL;Chile;Republik Chile;Chile;Republic of Chile;1;souveräner Staat;CHL;N;N;Amerika;56;.cl;RCH;1981;9999;V
10;AQ;ATA;Chilenische Antarktis;Chilenische Antarktis;Chilean Antarctic Territory;Chilean Antarctic Territory;2;CHL;CHL;N;N;Antarktis;672;.aq;RCH;;;
156;CN;CHN;China;Volksrepublik China;China;People's Republic of China;1;souveräner Staat;CHN;N;N;Asien;86;.cn;RC;1982;9999;V
454;MW;MWI;Chizumuluinsel;Chizumuluinsel;Chizumulu Island;Chizumulu Island;3;MWI;MWI;N;N;Afrika;265;.mw;MW;;;
860;UZ;UZB;Chong-Kara;Chong-Kara;Chong-Kara;Chong-Kara;3;UZB;UZB;N;N;Asien;998;.uz;UZ;;;
0;CP;CPT;Clipperton;Clipperton;Clipperton;Clipperton;2;FRA;FRA;N;N;Amerika;33;.fr;F;;;
218;EC;ECU;Colón;Colón;Colón;Colón;3;ECU;ECU;N;N;Amerika;593;.ec;EC;;;
470;MT;MLT;Comino;Comino;Comino;Comino;3;MLT;MLT;N;J;Europa;356;.mt;M;;;
184;CK;COK;Cookinseln;Cookinseln;Cook Islands;Cook Islands;2;NZL;NZL;N;N;Ozeanien;682;.ck;NZ;1965;9999;V
188;CR;CRI;Costa Rica;Republik Costa Rica;Costa Rica;Republic of Costa Rica;1;souveräner Staat;CRI;N;N;Amerika;506;.cr;CR;1949;9999;V
260;TF;ATF;Crozetinseln;Crozetinseln;Crozet Islands;Crozet Islands;2;FRA;FRA;N;N;Antarktis;262;.tf;F;;;
531;CW;CUW;Curaçao;Curaçao;Curaçao;Curaçao;2;NLD;NLD;N;N;Amerika;599;.na;NA;2010;9999;
392;JP;JPN;Daitoinseln ;Daitoinseln ;Daito Islands;Daito Islands;3;JPN;JPN;N;N;Asien;81;.jp;J;;;
208;DK;DNK;Dänemark;Königreich Dänemark;Denmark;Kingdom of Denmark;1;souveräner Staat;DNK;J, seit 1973;J;Europa;45;.dk;DK;1953;9999;V
278;DD;DDR;Deutsche Demokratische Republik;Deutsche Demokratische Republik;East Germany;German Democratic Republic;0;;;;;Europa;37;.dd;DDR;1949;1990;
276;DE;DEU;Deutschland;Bundesrepublik Deutschland;Germany;Federal Republic of Germany;1;souveräner Staat;DEU;J, seit 1958;J;Europa;49;.de;D;1990;9999;V
826;GB;GBR;Dhekelia;Dhekelia;Dhekelia;The Souvereign Base Areas of Akrotiri and Dhekelia;3;GBR;CYP;N;J;Europa;44;.uk;GB;;;
212;DM;DMA;Dominica;Commonwealth Dominica;Dominica;Commonwealth of Dominica;1;souveräner Staat;DMA;N;N;Amerika;1767;.dm;WD;1978;9999;V
214;DO;DOM;Dominikanische Republik;Dominikanische Republik;Dominican Republic;Dominican Republic;1;souveräner Staat;DOM;N;N;Amerika;1809;.do;DOM;1966;9999;V
262;DJ;DJI;Dschibuti;Republik Dschibuti;Djibouti;Republic of Djibouti;1;souveräner Staat;DJI;N;N;Afrika;253;.dj;DJI;1992;9999;V
784;AE;ARE;Dubai;Emirat Dubai;Dubai;Emirate of Dubai;3;ARE;ARE;N;N;Asien;971;.ae;UAE;;;
191;HR;HRV;Dubrovnik-Neretva;Südlicher Teil der Gespanschaft Dubrovnik-Neretva;Dubrovnik-Neretva;Southern part of Dubrovnik-Neretva County;3;HRV;HRV;N;N;Europa;385;.hr;HR;;;
612;PN;PCN;Ducie;Ducieinsel;Ducie Island;Pitcairn, Henderson, Ducie and Oeno Islands;2;GBR;GBR;N;N;Ozeanien;649;.pn;GB;;;
218;EC;ECU;Ecuador;Republik Ecuador;Ecuador;Republic of Ecuador;1;souveräner Staat;ECU;N;N;Amerika;593;.ec;EC;2008;9999;V
744;SJ;SJM;Edgeinsel;Edgeinsel;Edge Island;Edge Island;2;NOR;NOR;N;N;Europa;47;.no;N;;;
222;SV;SLV;El Salvador;Republik El Salvador;El Salvador;Republic of El Salvador;1;souveräner Staat;SLV;N;N;Amerika;503;.sv;ES;1983;9999;V
384;CI;CIV;Elfenbeinküste;Republik Côte d'Ivoire;Ivory Coast;Republic of Côte d'Ivoire;1;souveräner Staat;CIV;N;N;Afrika;225;.ci;CI;2000;9999;V
826;GB;GBR;England;England;England;England;3;GBR;GBR;N;J;Europa;44;.uk;GB;;;
232;ER;ERI;Eritrea;Staat Eritrea;Eritrea;State of Eritrea;1;souveräner Staat;ERI;N;N;Afrika;291;.er;ER;1997;9999;V
233;EE;EST;Estland;Republik Estland;Estonia;Republic of Estonia;1;souveräner Staat;EST;J, seit 2004;J;Europa;372;.ee;EST;1992;9999;V
260;TF;ATF;Europainsel;Europainsel;Europa Island;Europa Island;2;FRA;FRA;N;N;Antarktis;262;.tf;F;;;
238;FK;FLK;Falklandinseln;Falklandinseln;Falkland Islands  ;Falkland Islands  ;2;GBR;GBR;N;N;Amerika;500;.fk;GB;;;
234;FO;FRO;Färöer;Färöer;Faeroe Islands;Faeroe Islands;2;DNK;DNK;N;N;Europa;298;.fo;FO;;;
242;FJ;FJI;Fidschi;Republik Fidschi-Inseln;Fiji;Republic of Fiji;1;souveräner Staat;FJI;N;N;Ozeanien;679;.fj;FJI;1998;9999;V
246;FI;FIN;Finnland;Republik Finnland;Finland;Republic of Finland;1;souveräner Staat;FIN;J, seit 1995;J;Europa;358;.fi;FIN;2000;9999;V
250;FR;FRA;Frankreich;Französische Republik;France;French Republic;1;souveräner Staat;FRA;J, seit 1958;J;Europa;33;.fr;F;1958;9999;V
260;TF;ATF;Französische Süd- u. Antarktisgebiete;Französische Süd- u. Antarktisgebiete;French Southern and Antarctic Lands;French Southern and Antarctic Lands;2;FRA;FRA;N;N;Antarktis;262;.tf;F;;;
254;GF;GUF;Französisch-Guayana;Französisch-Guayana;French Guiana;French Guiana;2;FRA;FRA;N;J;Amerika;594;.gf;F;;;
258;PF;PYF;Französisch-Polynesien;Französisch-Polynesien;French Polynesia;French Polynesia;2;FRA;FRA;N;N;Ozeanien;689;.pf;F;;;
784;AE;ARE;Fudschaira;Emirat Fudschaira;Al Fujairah;Emirate of Fujairah;3;ARE;ARE;N;N;Asien;971;.ae;UAE;;;
266;GA;GAB;Gabun;Gabunische Republik;Gabon;Gabonese Republic;1;souveräner Staat;GAB;N;N;Afrika;241;.ga;G;1991;9999;V
218;EC;ECU;Galápagosinseln;Galápagosinseln;Galápagos Islands;Galápagos Islands;3;ECU;ECU;N;N;Amerika;593;.ec;EC;;;
270;GM;GMB;Gambia;Republik Gambia;Gambia;Republic of Gambia;1;souveräner Staat;GMB;N;N;Afrika;220;.gm;WAG;1997;9999;V
258;PF;PYF;Gambierinseln ;Gambierinseln ;Gambier Islands;Gambier Islands;2;FRA;FRA;N;N;Ozeanien;689;.pf;F;;;
275;PS;PSE;Gazastreifen;Gazastreifen;Gaza Strip;Gaza Strip;2;;;N;N;Asien;9727;.ps;AUT;;;
268;GE;GEO;Georgien;Georgien;Georgia;Georgia;1;souveräner Staat;GEO;N;N;Asien;995;.ge;GE;1995;9999;V
258;PF;PYF;Gesellschaftsinseln;Gesellschaftsinseln;Society Islands;Society Islands;2;FRA;FRA;N;N;Ozeanien;689;.pf;F;;;
288;GH;GHA;Ghana;Republik Ghana;Ghana;Republic of Ghana;1;souveräner Staat;GHA;N;N;Afrika;233;.gh;GH;1992;9999;V
292;GI;GIB;Gibraltar;Gibraltar;Gibraltar;Gibraltar;2;GBR;GBR;N;J;Europa;350;.gi;GBZ;;;
260;TF;ATF;Glorieuses;Glorieuses;Glorioso Islands;Glorioso Islands;2;FRA;FRA;N;N;Antarktis;262;.tf;F;;;
470;MT;MLT;Gozo;Gozo;Gozo;Gozo;3;MLT;MLT;N;J;Europa;356;.mt;M;;;
10;AQ;ATA;Grahamland;Grahamland;Grahamland;Grahamland;2;GBR;GBR;N;N;Antarktis;672;.aq;GB;;;
308;GD;GRD;Grenada;Grenada;Grenada;Grenada;1;souveräner Staat;GRD;N;N;Amerika;1473;.gd;WG;1974;9999;U
300;GR;GRC;Griechenland;Hellenische Republik;Greece;Hellenic Republic;1;souveräner Staat;GRC;J, seit 1981;J;Europa;30;.gr;GR;1975;9999;V
304;GL;GRL;Grönland;Grönland;Greenland;Greenland;2;DNK;DNK;N;N;Amerika;299;.gl;DK;;;
826;GB;GBR;Großbritannien;Großbritannien;Great Britain;Great Britain;3;GBR;GBR;N;J;Europa;44;.uk;GB;;;
312;GP;GLP;Guadeloupe;Guadeloupe;Guadeloupe;Guadeloupe;2;FRA;FRA;N;J;Amerika;590;.gp;F;;;
316;GU;GUM;Guam;Guam;Guam;Guam;2;USA;USA;N;N;Ozeanien;1671;.gu;USA;;;
840;US;USA;Guantánamo;Guantánamo-Bucht;Guantánamo Bay;Guantánamo Bay;3;USA;USA;N;N;Amerika;590;.us;USA;;;
320;GT;GTM;Guatemala;Republik Guatemala;Guatemala;Republic of Guatemala;1;souveräner Staat;GTM;N;N;Amerika;502;.gt;GCA;1993;9999;V
831;GG;GGY;Guernsey;Guernsey (GB-Kanalinseln);Guernsey;Guernsey;2;GBR;GBR;N;N;Europa;441481;.gg;GBG;;;
324;GN;GIN;Guinea;Republik Guinea;Guinea;Republic of Guinea;1;souveräner Staat;GIN;N;N;Afrika;224;.gn;RG;2010;9999;V
624;GW;GNB;Guinea-Bissau;Republik Guinea-Bissau;Guinea-Bissau;Republic of Guinea-Bissau;1;souveräner Staat;GNB;N;N;Afrika;245;.gw;GUB;1984;9999;V
328;GY;GUY;Guyana;Kooperative Republik Guyana;Guyana;Cooperative Republic of Guyana;1;souveräner Staat;GUY;N;N;Amerika;592;.gy;GUY;1980;9999;V
332;HT;HTI;Haiti;Republik Haiti;Haiti;Republic of Haiti;1;souveräner Staat;HTI;N;N;Amerika;509;.ht;RH;1987;9999;V
840;US;USA;Hawaii;Hawaii-Inselkette;Hawaii;Hawaiian Islands;3;USA;USA;N;N;Amerika;1808;.us;USA;;;
334;HM;HMD;Heard und McDonaldinseln;Heard und McDonaldinseln;Territory of Heard Island and McDonald Islands;Territory of Heard Island and McDonald Islands;2;AUS;AUS;N;N;Ozeanien;672;.hm;AUS;;;
612;PN;PCN;Henderson;Henderson;Henderson;Pitcairn, Henderson, Ducie and Oeno Islands;2;GBR;GBR;N;N;Ozeanien;649;.pn;GB;;;
528;NL;NLD;Holland;Holland;Holland;Holland;3;NLD;NLD;N;J;Europa;31;.nl;NL;;;
340;HN;HND;Honduras;Republik Honduras;Honduras;Republic of Honduras;1;souveräner Staat;HND;N;N;Amerika;504;.hn;HN;1982;9999;V
344;HK;HKG;Hong Kong;Sonderverwaltungszone Hong Kong der Volksrepublik China;Hong Kong;Hong Kong Special Administrative Region of the People's Republic of China;2;CHN;HKG;N;N;Asien;852;.hk;HK;1997;2047;
744;SJ;SJM;Hopen;Hopen;Hopen;Hopen;2;NOR;NOR;N;N;Europa;47;.no;N;;;
581;UM;UMI;Howlandinsel;Howlandinsel;Howland Island;Howland Island;2;USA;USA;N;N;Ozeanien;1;.us;USA;;;
504;MA;MAR;Ifni;Ifni;Ifni;Ifni;3;MAR;MAR;N;N;Afrika;212;.ma;MA;;;
356;IN;IND;Indien;Republik Indien;India;Republic of India;1;souveräner Staat;IND;N;N;Asien;91;.in;IND;1975;9999;T
360;ID;IDN;Indonesien;Republik Indonesien;Indonesia;Republic of Indonesia;1;souveräner Staat;IDN;N;N;Asien;62;.id;RI;2002;9999;T
833;IM;IMN;Insel Man;Insel Man;Isle of Man;Isle of Man;2;GBR;GBR;N;N;Europa;441624;.im;GBM;;;
903;XC;XXC;International;International;International;International;999;;XXC;;;;+;;;;;
368;IQ;IRQ;Irak;Republik Irak;Iraq;Republic of Iraq;1;souveräner Staat;IRQ;N;N;Asien;964;.iq;IRQ;2005;9999;V
364;IR;IRN;Iran;Islamische Republik Iran;Iran;Islamic Republic of Iran;1;souveräner Staat;IRN;N;N;Asien;98;.ir;IR;1979;9999;V
360;ID;IDN;Irian Jaya;Irian Jaya;Irian Jaya;Irian Jaya;3;IDN;IDN;N;N;Asien;62;.id;RI;;;
372;IE;IRL;Irland;Irland;Ireland;Ireland;1;souveräner Staat;IRL;J, seit 1973;J;Europa;353;.ie;IRL;1937;9999;V
32;AR;ARG;Isla Martín García;Isla Martín García;Isla Martín García;Isla Martín García;3;ARG;ARG;N;N;Amerika;54;.ar;RA;;;
352;IS;ISL;Island;Republik Island;Iceland;Republic of Iceland;1;souveräner Staat;ISL;N;N;Europa;354;.is;IS;1944;9999;V
376;IL;ISR;Israel;Staat Israel;Israel;State of Israel;1;souveräner Staat;ISR;N;N;Asien;972;.il;IL;1948;9999;U=V
380;IT;ITA;Italien;Italienische Republik;Italy;Italian Republic;1;souveräner Staat;ITA;J, seit 1958;J;Europa;39;.it;I;1948;9999;V
388;JM;JAM;Jamaika;Jamaika;Jamaica;Jamaica;1;souveräner Staat;JAM;N;N;Amerika;1876;.jm;JA;1962;9999;U=V
744;SJ;SJM;Jan Mayen;Jan Mayen;Jan Mayen;Jan Mayen;2;NOR;NOR;N;N;Europa;47;.no;N;;;
860;UZ;UZB;Jangail;Jangail;Jangail;Jangail;3;UZB;UZB;N;N;Asien;998;.uz;UZ;;;
392;JP;JPN;Japan;Japan;Japan;Japan;1;souveräner Staat;JPN;N;N;Asien;81;.jp;J;1947;9999;U=V
581;UM;UMI;Jarvisinsel;Jarvisinsel;Jarvis Island;Jarvis Island;2;USA;USA;N;N;Ozeanien;1;.us;USA;;;
887;YE;YEM;Jemen;Republik Jemen;Yemen;Republic of Yemen;1;souveräner Staat;YEM;N;N;Asien;967;.ye;YAR;1991;9999;V
886;YE;YEM;Jemen (Nord);Jemeninitsche Arabische Republik;Yemen (North);Yemen Arab Republic;0;;;;;Asien;967;;YAR;1918;1990;
720;YD;YMD;Jemen (Süd);Volksdemokratische Republik Jemen;Yemen (South);People's Democratic Republic of Yemen;0;;;;;Asien;969;;ADN;1967;1990;
832;JE;JEY;Jersey;Jersey;Jersey;Jersey;2;GBR;GBR;N;N;Europa;441534;.je;GBJ;;;
581;UM;UMI;Johnstoninsel;Johnstoninsel;Johnston Island;Johnston Island;2;USA;USA;N;N;Ozeanien;1;.us;USA;;;
400;JO;JOR;Jordanien;Haschemitisches Königreich Jordanien;Jordan;Hashmite Kingdom of Jordan;1;souveräner Staat;JOR;N;N;Asien;962;.jo;JOR;1952;9999;V
260;TF;ATF;Juan da Nova;Juan da Nova;Juan da Nova;Juan da Nova;2;FRA;FRA;N;N;Antarktis;262;.tf;F;;;
890;YU;YUG;Jugoslawien;Sozialistische Föderation Republik Jugoslawien;Yugoslavia;Socialist Federal Republic of Yugoslavia;0;;;;;Europa;38;.yu;YU;1920;1992;
136;KY;CYM;Kaimaninseln;Kaimaninseln;Cayman Islands;Cayman Islands;2;GBR;GBR;N;N;Amerika;1345;.ky;GB;;;
643;RU;RUS;Kaliningrad;Oblast Kaliningrad;Kaliningrad;Oblast Kaliningrad;3;RUS;RUS;N;N;Europa;7112;.ru;RUS;;;
116;KH;KHM;Kambodscha;Königreich Kambodscha;Cambodia;Kingdom of Cambodia;1;souveräner Staat;KHM;N;N;Asien;855;.kh;K;1993;9999;V
120;CM;CMR;Kamerun;Republik Kamerun;Cameroon;Republic of Cameroon;1;souveräner Staat;CMR;N;N;Afrika;237;.cm;CAM;1972;9999;V
124;CA;CAN;Kanada;Kanada;Canada;Canada;1;souveräner Staat;CAN;N;N;Amerika;1;.ca;CDN;1982;9999;V
724;ES;ESP;Kanarische Inseln ;Kanarische Inseln ;Canary Islands;Canary Islands;3;ESP;ESP;N;J;Afrika;34;.es;E;;;
132;CV;CPV;Kap Verde;Republik Kap Verde;Cape Verde;Republic of Cape Verde;1;souveräner Staat;CPV;N;N;Afrika;238;.cv;CV;1992;9999;V
31;AZ;AZE;Karki;Karki;Karki;Karki;3;AZE;AZE;N;N;Asien;994;.az;AZ;;;
398;KZ;KAZ;Kasachstan;Republik Kasachstan;Kazakhstan;Republic of Kazakhstan;1;souveräner Staat;KAZ;N;N;Asien;7;.kz;KZ;1995;9999;V
634;QA;QAT;Katar;Staat Katar;Qatar;State of Qatar;1;souveräner Staat;QAT;N;N;Asien;974;.qa;Q;2005;9999;V
166;CC;CCK;Keelinginseln;Keelinginseln;Keeling Islands;Territory of the Cocos (Keeling) Islands;2;AUS;AUS;N;N;Asien;61;.cc;AUS;;;
404;KE;KEN;Kenia;Republik Kenia;Kenya;Republic of Kenya;1;souveräner Staat;KEN;N;N;Afrika;254;.ke;EAK;2010;9999;V
260;TF;ATF;Kerguelen;Kerguelen;Kerguelen Islands;Kerguelen Islands;2;FRA;FRA;N;N;Antarktis;262;.tf;F;;;
581;UM;UMI;Kingmanriff;Kingmanriff;Kingmanriff;Kingmanriff;2;USA;USA;N;N;Ozeanien;1;.us;USA;;;
417;KG;KGZ;Kirgisistan;Kirgisische Republik;Kyrgyzstan;Kyrgyz Republic;1;souveräner Staat;KGZ;N;N;Asien;996;.kg;KS;2010;9999;V
296;KI;KIR;Kiribati;Republik Kiribati;Kiribati;Republic of Kiribati;1;souveräner Staat;KIR;N;N;Ozeanien;686;.ki;KIR;1979;9999;U=V
166;CC;CCK;Kokosinseln;Kokosinseln;Cocos Islands;Territory of the Cocos (Keeling) Islands;2;AUS;AUS;N;N;Ozeanien;61;.cc;AUS;;;
170;CO;COL;Kolumbien;Republik Kolumbien;Colombia;Republic of Colombia;1;souveräner Staat;COL;N;N;Amerika;57;.co;CO;1991;9999;V
643;RU;RUS;Kommandeurinseln;Kommandeurinseln;Commander Islands;Commander Islands;3;RUS;RUS;N;N;Asien;7;.ru;RUS;;;
174;KM;COM;Komoren;Union der Komoren;Comoros;Union of the Comoros;1;souveräner Staat;COM;N;N;Afrika;269;.km;COM;2001;9999;V
178;CG;COG;Kongo (Brazzaville);Republik Kongo;Kongo (Brazzaville);Republic of Congo;1;souveräner Staat;COG;N;N;Afrika;242;.cg;RCB;2002;9999;V
180;CD;COD;Kongo (Kinshasa);Demokratische Republik Kongo;Kongo (Kinshasa);Democratic Republic of the Congo;1;souveräner Staat;COD;N;N;Afrika;243;.cd;CGO;2006;9999;V
744;SJ;SJM;König-Karl-Land;König-Karl-Land;King Charles Land;King Charles Land;2;NOR;NOR;N;N;Europa;47;.no;N;;;
902;XB;XXB;Konventionsflüchtling;Konventionsflüchtling;Convention Refugee;Convention Refugee;999;;XXB;;;;+;;;;;
36;AU;AUS;Korallenmeerinseln;Korallenmeerinseln;Coral Sea Islands;Coral Sea Islands;3;AUS;AUS;N;N;Ozeanien;61;.au;AUS;;;
408;KP;PRK;Korea (Nord);Demokratische Volksrepublik Korea;Korea (North);Democratic People's Republic of Korea;1;souveräner Staat;PRK;N;N;Asien;850;.kp;KP;1948;9999;V
410;KR;KOR;Korea (Süd);Repulik Korea;Korea (South);Republic of Korea;1;souveräner Staat;KOR;N;N;Asien;82;.kr;ROK;1987;9999;V
927;XK;XXK;Kosovo;Republik Kosovo;Kosovo;Republic of Kosovo;1;souveräner Staat;UNK;N;N;Europa;381;;RKS;2008;9999;U=V
191;HR;HRV;Kroatien;Republik Kroatien;Croatia;Republic of Croatia;1;souveräner Staat;HRV;N;N;Europa;385;.hr;HR;1991;9999;U
192;CU;CUB;Kuba;Republik Kuba;Cuba;Republic of Cuba;1;souveräner Staat;CUB;N;N;Amerika;53;.cu;CU;1976;9999;V
414;KW;KWT;Kuwait;Staat Kuwait;Kuwait;State of Kuwait;1;souveräner Staat;KWT;N;N;Asien;965;.kw;KWT;1962;9999;V
744;SJ;SJM;Kvitöya;Kvitöya;Kvitöya;Kvitöya;2;NOR;NOR;N;N;Europa;47;.no;N;;;
312;GP;GLP;La Désirade;La Désirade;La Désirade;La Désirade;2;FRA;FRA;N;J;Amerika;590;.gp;F;;;
124;CA;CAN;Labrador;Labrador;Labrador;Labrador;3;CAN;CAN;N;N;Amerika;1709;.ca;CDN;;;
458;MY;MYS;Labuan;Labuan;Labuan;Labuan;3;MYS;MYS;N;N;Asien;60;.my;MAL;;;
798;TV;TUV;Laguneninseln;Laguneninseln;Lagoon Island;Lagoon Island;3;TUV;TUV;N;N;Ozeanien;688;.tv;TUV;;;
418;LA;LAO;Laos;Demokratische Volksrepublik Laos;Laos;Lao People's Democratic Republic;1;souveräner Staat;LAO;N;N;Asien;856;.la;LAO;1991;9999;V
312;GP;GLP;Les Saintes ;Les Saintes ;Les Saintes ;Les Saintes ;2;FRA;FRA;N;J;Amerika;590;.gp;F;;;
426;LS;LSO;Lesotho;Königreich Lesotho;Lesotho;Kingdom of Lesotho;1;souveräner Staat;LSO;N;N;Afrika;266;.ls;LS;1993;9999;V
428;LV;LVA;Lettland;Republik Lettland;Latvia;Republic of Latvia;1;souveräner Staat;LVA;J, seit 2004;J;Europa;371;.lv;LV;1991;9999;U
422;LB;LBN;Libanon;Libanesische Republik;Lebanon;Republic of Lebanon;1;souveräner Staat;LBN;N;N;Asien;961;.lb;RL;1943;9999;U
430;LR;LBR;Liberia;Republik Liberia;Liberia;Republic of Liberia;1;souveräner Staat;LBR;N;N;Afrika;231;.lr;LB;1986;9999;V
434;LY;LBY;Libyen;Libyen;Libya;Libya;1;souveräner Staat;LBY;N;N;Afrika;218;.ly;LAR;2011;9999;V
434;LY;LBY;Libyen;Sozialistische Libysch-Arabische Volks-Dschamahirija;Libya;Great Socialist People's Libyan Arab Jamahiriya;0;;;;;Afrika;218;.ly;LAR;1969;2011;V
438;LI;LIE;Liechtenstein;Fürstentum Liechtenstein;Liechtenstein;Principality of Liechtenstein;1;souveräner Staat;LIE;N;N;Europa;423;.li;FL;1921;9999;V
454;MW;MWI;Likoma;Likoma;Likoma;Likoma;3;MWI;MWI;N;N;Afrika;265;.mw;MW;;;
440;LT;LTU;Litauen;Republik Litauen;Lithuania;Republic of Lithuania;1;souveräner Staat;LTU;J, seit 2004;J;Europa;370;.lt;LT;1991;9999;U
724;ES;ESP;Llívia;Llívia;Llívia;Llívia;3;ESP;ESP;N;J;Europa;34;.es;E;;;
442;LU;LUX;Luxemburg;Großherzogtum Luxemburg;Luxembourg;Grand Duchy of Luxembourg;1;souveräner Staat;LUX;J, seit 1958;J;Europa;352;.lu;L;1868;9999;V
446;MO;MAC;Macau;Sonderverwaltungszone Macau der Volksrepublik China;Macao;Macao Special Administrative Region of the People's Republic of China;2;CHN;MAC;N;N;Asien;853;.mo;MO;1999;2049;
450;MG;MDG;Madagaskar;Republik Madagaskar;Madagascar;Republic of Madagascar;1;souveräner Staat;MDG;N;N;Afrika;261;.mg;RM;2010;9999;V
620;PT;PRT;Madeira;Madeira;Madeira;Madeira;3;PRT;PRT;N;J;Europa;351;.pt;P;;;
512;OM;OMN;Madha;Madha;Madha;Madha;3;OMN;OMN;N;N;Asien;968;.om;OM;;;
454;MW;MWI;Malawi;Republik Malawi;Malawi;Republic of Malawi;1;souveräner Staat;MWI;N;N;Afrika;265;.mw;MW;1994;9999;V
458;MY;MYS;Malaysia;Malaysia;Malaysia;Malaysia;1;souveräner Staat;MYS;N;N;Asien;60;.my;MAL;1963;9999;T
462;MV;MDV;Malediven;Republik Malediven;Maldives;Republic of Maldives;1;souveräner Staat;MDV;N;N;Asien;960;.mv;MV*;2008;9999;V
466;ML;MLI;Mali;Republik Mali;Mali;Republic of Mali;1;souveräner Staat;MLI;N;N;Afrika;223;.ml;RMM;1992;9999;V
470;MT;MLT;Malta;Republik Malta;Malta;Republic of Malta;1;souveräner Staat;MLT;J, seit 2004;J;Europa;356;.mt;M;1964;9999;U=V
392;JP;JPN;Marcusinsel;Marcusinsel;Marcus Island;Marcus Island;3;JPN;JPN;N;N;Asien;81;.jp;J;;;
312;GP;GLP;Marie-Galante;Marie-Galante;Marie-Galante;Marie-Galante;2;FRA;FRA;N;J;Amerika;590;.gp;F;;;
710;ZA;ZAF;Marioninsel;Marioninsel;Marion Island;Marion Island;3;ZAF;ZAF;N;N;Afrika;27;.za;ZA;;;
504;MA;MAR;Marokko;Königreich Marokko;Morocco;Kingdom of Morocco;1;souveräner Staat;MAR;N;N;Afrika;212;.ma;MA;1972;9999;V
258;PF;PYF;Marquesasinseln;Marquesasinseln;Marquesas Islands;Marquesas Islands;2;FRA;FRA;N;N;Ozeanien;689;.pf;F;;;
584;MH;MHL;Marshallinseln;Republik Marshallinseln;Marshall Islands;Marshall Islands;1;souveräner Staat;MHL;N;N;Ozeanien;692;.mh;MH;1986;9999;U
474;MQ;MTQ;Martinique;Martinique;Martinique;Martinique;2;FRA;FRA;N;J;Amerika;596;.mq;F;;;
478;MR;MRT;Mauretanien;Islamische Republik Mauretanien;Mauritania;Islamic Republic of Mauritania;1;souveräner Staat;MRT;N;N;Afrika;222;.mr;RIM;1991;9999;V
480;MU;MUS;Mauritius;Republik Mauritius;Mauritius;Republic of Mauritius;1;souveräner Staat;MUS;N;N;Afrika;230;.mu;MS;1968;9999;U=V
175;YT;MYT;Mayotte;Mayotte;Mayotte;Mayotte;2;FRA;FRA;N;N;Afrika;269;.yt;F;;;
807;MK;MKD;Mazedonien;Republik Mazedonien;Macedonia;Republic of Macedonia;1;souveräner Staat;MKD;N;N;Europa;389;.mk;MK;1991;9999;U
334;HM;HMD;McDonaldinseln;McDonaldinseln;McDonald Islands;McDonald Islands;2;AUS;AUS;N;N;Antarktis;672;.hm;AUS;;;
724;ES;ESP;Melilla;Melilla;Melilla;Melilla;3;ESP;ESP;N;J;Afrika;34;.es;E;;;
484;MX;MEX;Mexiko;Vereinigte Mexikanische Staaten;Mexico;United Mexican States ;1;souveräner Staat;MEX;N;N;Amerika;52;.mx;MEX;1917;9999;V
581;UM;UMI;Midwayinseln;Midwayinseln;Midway Islands;Midway Islands;2;USA;USA;N;N;Ozeanien;697;.us;USA;;;
583;FM;FSM;Mikronesien;Föderierte Staaten von Mikronesien;Micronesia;Federated States of Micronesia;1;souveräner Staat;FSM;N;N;Ozeanien;691;.fm;FSM;1986;9999;U
666;PM;SPM;Miquelon;Miquelon;Miquelon;Miquelon;2;FRA;FRA;N;N;Amerika;508;.pm;F;;;
498;MD;MDA;Moldau;Republik Moldova;Moldova;Republic of Moldova;1;souveräner Staat;MDA;N;N;Europa;373;.md;MD;1994;9999;V
492;MC;MCO;Monaco;Fürstentum Monaco;Monaco;Principality of Monaco;1;souveräner Staat;MCO;N;N;Europa;377;.mc;MC;1962;9999;V
496;MN;MNG;Mongolei;Mongolische Volksrepublik;Mongolia;Mongolia;1;souveräner Staat;MNG;N;N;Asien;976;.mn;MGL;1992;9999;V
499;ME;MNE;Montenegro ;Republik Montenegro;Montenegro ;Republic of Montenegro;1;souveräner Staat;MNE;N;N;Europa;382;.me;MNE;2007;9999;U
500;MS;MSR;Montserrat;Montserrat;Monserrat;Monserrat;2;GBR;GBR;N;N;Amerika;1664;.ms;GB;;;
508;MZ;MOZ;Mosambik;Republik Mosambik;Mozambique;Republic of Mozambique;1;souveräner Staat;MOZ;N;N;Afrika;258;.mz;MOC;1992;9999;V
512;OM;OMN;Musandam;Musandam-Halbinsel;Musandam Peninsula;Musandam Peninsula;3;OMN;OMN;N;N;Asien;968;.om;OM;;;
104;MM;MMR;Myanmar;Republik der Union von Myanmar;Myanmar;Republic of the Union of Myanmar;1;souveräner Staat;MMR;N;N;Asien;95;.mm;BUR;1974;9999;V
31;AZ;AZE;Nachitschewan;Autonome Republik Nachitschewan;Nakhchivan;Nakhchivan Autonomous Republic;3;AZE;AZE;N;N;Asien;994;.az;AZ;;;
784;AE;ARE;Nahwa;Nahwa;Nahwa;Nahwa;3;ARE;ARE;N;N;Asien;971;.ae;UAE;;;
516;NA;NAM;Namibia;Republik Namibia;Namibia;Namibia;1;souveräner Staat;NAM;N;N;Afrika;264;.na;NAM;1990;9999;U=V
520;NR;NRU;Nauru;Republik Nauru;Nauru;Republic of Nauru;1;souveräner Staat;NRU;N;N;Ozeanien;674;.nr;NAU;1968;9999;U=V
840;US;USA;Navassa;Navassa;Navassa;Navassa;3;USA;USA;N;N;Amerika;1;.us;USA;;;
524;NP;NPL;Nepal;Demokratische Bundesrepublik Nepal;Nepal;Federal Democratic Republic of Nepal;1;souveräner Staat;NPL;N;N;Asien;977;.np;NEP;2007;9999;V
260;TF;ATF;Neuamsterdam;Neuamsterdam;New Amsterdam;New Amsterdam;2;FRA;FRA;N;N;Antarktis;262;.tf;F;;;
124;CA;CAN;Neufundland;Neufundland;Newfoundland;Newfoundland;3;CAN;CAN;N;N;Amerika;1709;.ca;CDN;;;
540;NC;NCL;Neukaledonien;Neukaledonien;New Caledonia;New Caledonia;2;FRA;FRA;N;N;Ozeanien;687;.nc;NCL;;;
554;NZ;NZL;Neuseeland;Neuseeland;New Zealand;New Zealand;1;souveräner Staat;NZL;N;N;Ozeanien;64;.nz;NZ;1987;9999;V
536;NT;NTZ;Neutrale Zone;Saudisch-Irakische Neutrale Zone;Neutral Zone;Saudi-Iraqi Neutral Zone;0;;;;;Asien;+;;;1922;1991;
558;NI;NIC;Nicaragua;Republik Nicaragua;Nicaragua;Republic of Nicaragua;1;souveräner Staat;NIC;N;N;Amerika;505;.ni;NIC;1987;9999;V
528;NL;NLD;Niederlande;Königreich der Niederlande;Netherlands;Kingdom of the Netherlands;1;souveräner Staat;NLD;J, seit 1958;J;Europa;31;.nl;NL;1815;9999;V
530;AN;ANT;Niederländische Antillen;Niederländische Antillen;Netherlands Antilles;Netherlands Antilles;0;;;;;Amerika;599;.na;NA;1954;2010;
562;NE;NER;Niger;Republik Niger;Niger;Republic of Niger;1;souveräner Staat;NER;N;N;Afrika;227;.ne;RN;1960;9999;U
566;NG;NGA;Nigeria;Bundesrepublik Nigeria;Nigeria;Federal Republic of Nigeria;1;souveräner Staat;NGA;N;N;Afrika;234;.ng;WAN;1999;9999;V
356;IN;IND;Nikobaren;Nikobaren;Nicobar Islands;Nicobar Islands;3;IND;IND;N;N;Asien;913192;.in;IND;;;
570;NU;NIU;Niue;Niue;Niue;Niue;2;NZL;NZL;N;N;Ozeanien;683;.nu;NZ;1974;9999;U=V
826;GB;GBR;Nordirland;Nordirland;Northern Ireland;Northern Ireland;3;GBR;GBR;N;J;Europa;44;.uk;GB;;;
580;MP;MNP;Nördliche Marianen;Commonwealth der Nördlichen Marianen;Northern Mariana Islands;Commonwealth of the Northern Mariana Islands;2;USA;USA;N;N;Ozeanien;1670;.mp;USA;1986;9999;
744;SJ;SJM;Nordostland;Nordostland;North East Land;North East Land;2;NOR;NOR;N;N;Europa;47;.no;N;;;
196;CY;CYP;Nordzypern;Türkische Republik Nordzypern;Northern Cyprus;Turkish Republic of Northern Cyprus;3;CYP;CYP;N;J;Asien;90392;.tr;CY;1983;9999;
574;NF;NFK;Norfolkinseln;Norfolkinseln;Norfolk Island;Norfolk Island;2;AUS;AUS;N;N;Ozeanien;6723;.nf;AUS;;;
840;US;USA;Nortwest Angle;Nortwest Angle;Nortwest Angle;Nortwest Angle;3;USA;USA;N;N;Amerika;1;.us;USA;;;
578;NO;NOR;Norwegen;Königreich Norwegen;Norway;Norway;1;souveräner Staat;NOR;N;N;Europa;47;.no;N;1905;9999;U
626;TL;TLS;Oecusse;Distrikt von Oecusse;Oecusse District;Oecusse District;3;TLS;TLS;N;N;Asien;670;.tp;TL;;;
612;PN;PCN;Oeno;Oeno;Oeno;Pitcairn, Henderson, Ducie and Oeno Islands;2;GBR;GBR;N;N;Ozeanien;649;.pn;GB;;;
392;JP;JPN;Okinawa;Okinawa;Okinawa;Okinawa;3;JPN;JPN;N;N;Asien;8198;.jp;J;;;
512;OM;OMN;Oman;Sultanat Oman;Oman;Sultanate of Oman;1;souveräner Staat;OMN;N;N;Asien;968;.om;OM;1996;9999;V
152;CL;CHL;Osterinsel;Osterinsel;Easter Island;Easter Island;3;CHL;CHL;N;N;Ozeanien;56;.cl;RCH;;;
40;AT;AUT;Österreich;Republik Österreich;Austria;Republic of Austria;1;souveräner Staat;AUT;J, seit 1995;J;Europa;43;.at;A;1955;9999;U
586;PK;PAK;Pakistan;Islamische Republik Pakistan;Pakistan;Islamic Republic of Pakistan;1;souveräner Staat;PAK;N;N;Asien;92;.pk;PK;1973;9999;V
585;PW;PLW;Palau;Republik Palau;Palau;Republic of Palau;1;souveräner Staat;PLW;N;N;Ozeanien;680;.pw;PAL;1994;9999;U
581;UM;UMI;Palmyrainsel;Palmyrainsel;Palmyra Atoll;Palmyra Atoll;2;USA;USA;N;N;Ozeanien;1;.us;USA;;;
591;PA;PAN;Panama;Republik Panama;Panama;Republic of Panama;1;souveräner Staat;PAN;N;N;Amerika;507;.pa;PA;1999;9999;T
598;PG;PNG;Papua-Neuguinea;Unabhängiger Staat Papua-Neuguinea;Papua New Guinea;Independent State of Papua New Guinea;1;souveräner Staat;PNG;N;N;Ozeanien;675;.pg;PNG;1975;9999;V
600;PY;PRY;Paraguay;Republik Paraguay;Paraguay;Republic of Paraguay;1;souveräner Staat;PRY;N;N;Amerika;595;.py;PY;1992;9999;V
392;JP;JPN;Parece Vela;Parece Vela;Parece Vela;Parece Vela;3;JPN;JPN;N;N;Asien;81;.jp;J;;;
834;TZ;TZA;Pemba;Pemba;Pemba;Pemba;3;TZA;TZA;N;N;Afrika;255;.tz;EAT;;;
724;ES;ESP;Peñón de Alhucemas;Peñón de Alhucemas;Peñón de Alhucemas;Peñón de Alhucemas;3;ESP;ESP;N;J;Afrika;34;.es;E;;;
724;ES;ESP;Peñón de Vélez de la Gomera;Peñón de Vélez de la Gomera;Peñón de Vélez de la Gomera;Peñón de Vélez de la Gomera;3;ESP;ESP;N;J;Afrika;34;.es;E;;;
604;PE;PER;Peru;Republik Peru;Peru;Republic of Peru;1;souveräner Staat;PER;N;N;Amerika;51;.pe;PE;1993;9999;V
608;PH;PHL;Philippinen;Republik der Philippinen;Philippines;Republic of the Philippines;1;souveräner Staat;PHL;N;N;Asien;63;.ph;RP;1987;9999;V
612;PN;PCN;Pitcairninseln;Pitcairninseln;Pitcairn Islands;Pitcairn, Henderson, Ducie and Oeno Islands;2;GBR;GBR;N;N;Ozeanien;649;.pn;GB;;;
840;US;USA;Point Roberts;Point Roberts;Point Roberts;Point Roberts;3;USA;USA;N;N;Amerika;1;.us;USA;;;
616;PL;POL;Polen;Republik Polen;Poland;Republic of Poland;1;souveräner Staat;POL;J, seit 2004;J;Europa;48;.pl;PL;1997;9999;V
620;PT;PRT;Portugal;Portugiesische Republik;Portugal;Portuguese Republic;1;souveräner Staat;PRT;J, seit 1986;J;Europa;351;.pt;P;1976;9999;V
710;ZA;ZAF;Prinz-Eduard Insel;Prinz-Eduard Insel;Price Edward Island;Price Edward Island;3;ZAF;ZAF;N;N;Afrika;27;.za;ZA;;;
744;SJ;SJM;Prinz-Karl-Vorland;Prinz-Karl-Vorland;Prince Charles Foreland;Prince Charles Foreland;2;NOR;NOR;N;N;Europa;47;.no;N;;;
630;PR;PRI;Puerto Rico;Freistaat Puerto Rico;Puerto Rico;Commonwealth of Puerto Rico;2;USA;USA;N;N;Amerika;1;.pr;PRI;;;
784;AE;ARE;Ras al Chaima;Emirat Ras al Chaima;Ras al-Khaimah;Emirate of Ras al-Khaimah;3;ARE;ARE;N;N;Asien;971;.ae;UAE;;;
70;BA;BIH;Republika Srpska;Republika Srpska;Republika Srpska;Republika Srpska;3;BIH;BIH;N;N;Europa;387;.ba;BIH;;;
638;RE;REU;Réunion;Réunion;Réunion;Réunion;2;FRA;FRA;N;J;Afrika;262;.re;F;;;
504;MA;MAR;Río de Oro ;Río de Oro ;Río de Oro ;Río de Oro ;3;MAR;MAR;N;N;Afrika;212;.ma;MA;;;
392;JP;JPN;Riukiuinseln;Riukiuinseln;Ryukyu Islands;Ryukyu Islands;3;JPN;JPN;N;N;Asien;81;.jp;J;;;
170;CO;COL;Roncador;Roncador;Roncador Bank ;Roncador Bank ;3;COL;COL;N;N;Amerika;57;.co;CO;;;
554;NZ;NZL;Ross-Nebengebiet;Ross-Nebengebiet;Ross Dependency;Ross Dependency;3;NZL;NZL;N;N;Antarktis;64;.nz;NZ;;;
646;RW;RWA;Ruanda;Republik Ruanda;Rwanda;Republic of Rwanda;1;souveräner Staat;RWA;N;N;Afrika;250;.rw;RWA;2003;9999;V
642;RO;ROU;Rumänien;Rumänien;Romania;Romania;1;souveräner Staat;ROU;J, seit 2007;J;Europa;40;.ro;RO;1991;9999;V
643;RU;RUS;Russland;Russische Föderation;Russia;Russian Federation;1;souveräner Staat;RUS;N;N;Europa;7;.ru;RUS;1991;9999;U
458;MY;MYS;Sabah;Sabah;Sabah;Sabah;3;MYS;MYS;N;N;Asien;60;.my;MAL;;;
504;MA;MAR;Saguia el Hamra;Saguia el Hamra;Saguia el Hamra;Saguia el Hamra;3;MAR;MAR;N;N;Afrika;212;.ma;MA;;;
652;BL;BLM;Saint Barthélemy;Saint Barthélemy;Saint Barthélemy;Collectivity of Saint Barthélemy;2;FRA;FRA;N;J;Amerika;590;.bl;F;;;
654;SH;SHN;Saint Helena;Saint Helena;Saint Helena;Saint Helena;2;GBR;GBR;N;N;Afrika;290;.sh;GB;;;
659;KN;KNA;Saint Kitts und Nevis;Föderation von Saint Kitts und Nevis;Saint Kitts and Nevis;Federation of Saint Kitts and Nevis;1;souveräner Staat;KNA;N;N;Amerika;1869;.kn;KAN;1983;9999;V
662;LC;LCA;Saint Lucia;Saint Lucia;Saint Lucia;Saint Lucia;1;souveräner Staat;LCA;N;N;Amerika;1758;.lc;WL;1979;9999;V
663;MF;MAF;Saint Martin;Saint Martin;Saint Martin;Saint Martin;2;FRA;FRA;N;J;Amerika;590;.gp;F;;;
260;TF;ATF;Saint Paul ;Saint Paul Insel;Saint Paul Island;Saint Paul Island;2;FRA;FRA;N;N;Antarktis;262;.tf;F;;;
666;PM;SPM;Saint Pierre und Miquelon;Saint Pierre und Miquelon;Saint Pierre und Miquelon;Territorial Collectivity of Saint Pierre und Miquelon;2;FRA;FRA;N;N;Amerika;508;.pm;F;;;
670;VC;VCT;Saint Vincent und die Grenadinen;Saint Vincent und die Grenadinen;Saint Vincent and the Grenadinen;Saint Vincent and the Grenadinen;1;souveräner Staat;VCT;N;N;Amerika;1784;.vc;WV;1979;9999;V
90;SB;SLB;Salomonen;Salomonen;Solomon Islands;Solomon Islands;1;souveräner Staat;SLB;N;N;Ozeanien;677;.sb;SOL;1978;9999;V
894;ZM;ZMB;Sambia;Republik Sambia;Zambia;Republic of Zambia;1;souveräner Staat;ZMB;N;N;Afrika;260;.zm;RNR;1991;9999;V
882;WS;WSM;Samoa;Unabhängiger Staat Samoa;Samoa;Independent State of Samoa;1;souveräner Staat;WSM;N;N;Ozeanien;685;.ws;WS;1965;9999;V
674;SM;SMR;San Marino;Republik San Marino;San Marino;Republic of San Marino;1;souveräner Staat;SMR;N;N;Europa;378;.sm;RSM;1600;9999;V
834;TZ;TZA;Sansibar;Sansibar;Zanzibar;Zanzibar;3;TZA;TZA;N;N;Afrika;255;.tz;EAT;;;
678;ST;STP;São Tomé und Princípe;Demokratische Republik São Tomé und Princípe ;São Tomé und Princípe;Democratic Republic of São Tomé und Princípe;1;souveräner Staat;STP;N;N;Afrika;239;.st;STP;1990;9999;V
458;MY;MYS;Sarawak;Sarawak;Sarawak;Sarawak;3;MYS;MYS;N;N;Asien;60;.my;MAL;;;
831;GG;GGY;Sark;Sark;Sark;Sark;2;GBR;GBR;N;N;Europa;441481;.gg;GBG;;;
762;TJ;TJK;Sarvan;Sarvan;Sarvan;Sarvan;3;TJK;TJK;N;N;Asien;992;.tj;TJ;;;
70;BA;BIH;Sastavci;Sastavci;Sastavci;Sastavci;3;BIH;BIH;N;N;Europa;387;.ba;BIH;;;
682;SA;SAU;Saudi-Arabien;Königreich Saudi-Arabien;Saudi Arabia;Kingdom of Saudi Arabia;1;souveräner Staat;SAU;N;N;Asien;966;.sa;SA;1992;9999;V
784;AE;ARE;Schardscha;Emirat Schardscha;Sharjah;Emirate of Sharjah;3;ARE;ARE;N;N;Asien;971;.ae;UAE;;;
826;GB;GBR;Schottland;Schottland;Scotland;Scotland;3;GBR;GBR;N;J;Europa;44;.uk;GB;;;
340;HN;HND;Schwaneninseln ;Schwaneninseln ;Swan Islands;Swan Islands;3;HND;HND;N;N;Amerika;504;.hn;HN;;;
752;SE;SWE;Schweden;Königreich Schweden;Sweden;Kingdom of Sweden;1;souveräner Staat;SWE;J, seit 1995;J;Europa;46;.se;S;1975;9999;V
756;CH;CHE;Schweiz;Schweizerische Eidgenossenschaft;Switzerland;Swiss Confederation;1;souveräner Staat;CHE;N;N;Europa;41;.ch;CH;1874;9999;V
686;SN;SEN;Senegal;Republik Senegal;Senegal;Republic of Senegal;1;souveräner Staat;SEN;N;N;Afrika;221;.sn;SN;2001;9999;V
688;RS;SRB;Serbien ;Republik Serbien;Serbia ;Republic of Serbia;1;souveräner Staat;SRB;N;N;Europa;381;.rs;SRB;2008;9999;T
891;CS;SCG;Serbien und Montenegro;Bundesrepublik Jugoslawien;Serbia and Montenegro;State Union of Serbia and Montenegro;0;;;;;Europa;381;.yu;SCG;2003;2006;
170;CO;COL;Serranabank;Serranabank;Serrana Bank ;Serrana Bank ;3;COL;COL;N;N;Amerika;57;.co;CO;;;
690;SC;SYC;Seychellen;Republik Seychellen;Seychelles;Republic of Seychelles;1;souveräner Staat;SYC;N;N;Afrika;248;.sc;SY;1993;9999;V
860;UZ;UZB;Shohimardon;Shohimardon;Shohimardon;Shohimardon;3;UZB;UZB;N;N;Asien;998;.uz;UZ;;;
694;SL;SLE;Sierra Leone;Republik Sierra Leone;Sierra Leone;Republic of Sierra Leone;1;souveräner Staat;SLE;N;N;Afrika;232;.sl;WAL;1991;9999;V
356;IN;IND;Sikkim;Sikkim;Sikkim;Sikkim;3;IND;IND;N;N;Asien;91;.in;IND;;;
716;ZW;ZWE;Simbabwe;Republik Simbabwe;Zimbabwe;Republic of Zimbabwe;1;souveräner Staat;ZWE;N;N;Afrika;263;.zw;ZW;1980;9999;U
702;SG;SGP;Singapur;Republik Singapur;Singapore;Republic of Singapore;1;souveräner Staat;SGP;N;N;Asien;65;.sg;SGP;1965;9999;U
534;SX;SXM;Sint Maarten ;Sint Maarten ;Sint Maarten ;Sint Maarten ;2;NLD;NLD;N;N;Amerika;1721;.an;NA;2010;9999;
703;SK;SVK;Slowakei;Slowakische Republik;Slovakia;Slovak Republic;1;souveräner Staat;SVK;J, seit 2004;J;Europa;421;.sk;SK;1993;9999;V
705;SI;SVN;Slowenien;Republik Slowenien;Slovenia;Republic of Slovenia;1;souveräner Staat;SVN;J, seit 2004;J;Europa;386;.si;SLO;1991;9999;V
887;YE;YEM;Sokotra;Sokotra;Socotra;Socotra;3;YEM;YEM;N;N;Asien;967;.ye;YAR;;;
706;SO;SOM;Somalia;Republik Somalia;Somalia;Somali Republic;1;souveräner Staat;SOM;N;N;Afrika;252;.so;SO;1979;9999;V
706;SO;SOM;Somaliland;Republik Somaliland;Somaliland;Republic of Somaliland;3;SOM;SOM;N;N;Afrika;252;.so;SO;1991;9999;
810;SU;SUN;Sowjetunion;Union der Sozialistischen Sowjetrepubliken;Soviet Union;Union of Soviet Socialist Republics;0;;;;;Europa;7;.su;SU;1922;1991;
860;UZ;UZB;So'x;So'x;So'x;So'x;3;UZB;UZB;N;N;Asien;998;.uz;UZ;;;
724;ES;ESP;Spanien;Königreich Spanien;Spain;Kingdom of Spain;1;souveräner Staat;ESP;J, seit 1986;J;Europa;34;.es;E;1978;9999;V
504;MA;MAR;Spanische Sahara;Spanische Sahara;Spanish Sahara;Spanish Sahara;3;MAR;MAR;N;N;Afrika;212;.ma;MA;;;
744;SJ;SJM;Spitzbergen;Spitzbergen;Spitsbergen;Spitsbergen;2;NOR;NOR;N;N;Europa;47;.no;N;;;
144;LK;LKA;Sri Lanka;Demokratische Sozialistische Republik Sri Lanka;Sri Lanka;Democratic Socialist Republic of Sri Lanka;1;souveräner Staat;LKA;N;N;Asien;94;.lk;CL;1978;9999;V
901;XA;XXA;Staatenlos;Staatenlos;Stateless;Stateless;999;;XXA;;;;+;;;;;
710;ZA;ZAF;Südafrika;Republik Südafrika;South Africa;Republic of South Africa;1;souveräner Staat;ZAF;N;N;Afrika;27;.za;ZA;1997;9999;V
736;SD;SDN;Sudan;Republik Sudan;Sudan;Republic of the Sudan;0;;;;;Afrika;249;.sd;SUD;2005;2011;V
729;SD;SDN;Sudan;Republik Sudan;Sudan;Republic of the Sudan;1;souveräner Staat;SDN;N;N;Afrika;249;.sd;SUD;2011;9999;T
239;GS;SGS;Südgeorgien;Südgeorgien und die Südlichen Sandwichinseln;South Georgia;South Georgia and the South Sandwich Islands;2;GBR;GBR;N;N;Antarktis;44;.gs;GB;;;
239;GS;SGS;Südliche Orkneyinseln ;Südliche Orkneyinseln ;South Orkney Islands;South Orkney Islands;2;GBR;GBR;N;N;Antarktis;44;.gs;GB;;;
239;GS;SGS;Südliche Sandwichinseln;Südgeorgien und die Südlichen Sandwichinseln;South Sandwich Islands;South Georgia and the South Sandwich Islands;2;GBR;GBR;N;N;Antarktis;44;.gs;GB;;;
10;AQ;ATA;Südliche Shetlandinseln ;Südliche Shetlandinseln ;South Shetland Island;South Shetland Island;2;GBR;GBR;N;N;Antarktis;672;.aq;GB;;;
728;SS;SSD;Südsudan;Republik Südsudan;South Sudan;Republic of South Sudan;1;souveräner Staat;SSD;N;N;Afrika;211;.ss;SSD;2011;9999;U=V
740;SR;SUR;Suriname;Republik Suriname;Suriname;Republic of Suriname;1;souveräner Staat;SUR;N;N;Amerika;597;.sr;SME;1987;9999;V
744;SJ;SJM;Svalbard und Jan Mayen;Svalbard und Jan Mayen;Svalbard and Jan Mayen Islands;Svalbard and Jan Mayen Islands;2;NOR;NOR;N;N;Europa;47;.no;N;;;
748;SZ;SWZ;Swasiland;Königreich Swasiland;Swaziland;Kingdom of Swaziland;1;souveräner Staat;SWZ;N;N;Afrika;268;.sz;SD;2006;9999;V
760;SY;SYR;Syrien;Arabische Republik Syrien;Syria;Syrian Arab Republic;1;souveräner Staat;SYR;N;N;Asien;963;.sy;SYR;1973;9999;V
762;TJ;TJK;Tadschikistan;Republik Tadschikistan;Tajikistan;Republic of Tajikistan;1;souveräner Staat;TJK;N;N;Asien;992;.tj;TJ;1994;9999;V
258;PF;PYF;Tahiti;Tahiti;Tahiti;Tahiti;2;FRA;FRA;N;N;Ozeanien;689;.pf;F;;;
158;TW;TWN;Taiwan;Republik China ;Taiwan;Republic of China;2;CHN;TWN;N;N;Asien;886;.tw;RC;1949;9999;
834;TZ;TZA;Tanganjika;Tanganjika;Tanganjika;Tanganjika;3;TZA;TZA;N;N;Afrika;255;.tz;EAT;;;
834;TZ;TZA;Tansania;Vereinigte Republik Tansania;Tanzania;United Republic of Tanzania;1;souveräner Staat;TZA;N;N;Afrika;255;.tz;EAT;1977;9999;V
764;TH;THA;Thailand;Königreich Thailand;Thailand;Kingdom of Thailand;1;souveräner Staat;THA;N;N;Asien;66;.th;T;2007;9999;V
156;CN;CHN;Tibet;Tibet;Tibet;Tibet;3;CHN;CHN;N;N;Asien;86;.cn;RC;;;
626;TL;TLS;Timor-Leste;Demokratische Republik Timor-Leste;East Timor;Democratic Republic of Timor-Leste;1;souveräner Staat;TLS;N;N;Asien;670;.tp;TL;2002;9999;T
780;TT;TTO;Tobago;Republik Trinidad und Tobago;Tobago;Tobago;3;TTO;TTO;N;N;Amerika;1868;.tt;TT;;;
768;TG;TGO;Togo;Republik Togo;Togo;Togolese Republic;1;souveräner Staat;TGO;N;N;Afrika;228;.tg;TG;1992;9999;V
772;TK;TKL;Tokelau;Tokelau;Tokelau;Tokelau;2;NZL;NZL;N;N;Ozeanien;690;.tk;NZ;;;
776;TO;TON;Tonga;Königreich Tonga;Tonga;Kingdom of Tonga;1;souveräner Staat;TON;N;N;Ozeanien;676;.to;TON;1875;9999;V
498;MD;MDA;Transnistrien;Transnistrische Moldauische Republik;Transnistria;Pridnestrovian Moldavian Republic;3;MDA;MDA;N;N;Europa;373;.md;MD;;;
780;TT;TTO;Trinidad und Tobago;Republik Trinidad und Tobago;Trinidad and Tobago;Republic of Trinidad and Tobago;1;souveräner Staat;TTO;N;N;Amerika;1868;.tt;TT;1976;9999;V
0;TA;TTA;Tristan da Cunha;Tristan da Cunha;Tristan da Cunha;Tristan da Cunha;2;GBR;GBR;N;N;Afrika;2897;.sh;GB;;;
260;TF;ATF;Tromelin;Tromelin;Tromelin Island;Tromelin Island;2;FRA;FRA;N;N;Antarktis;262;.tf;F;;;
148;TD;TCD;Tschad;Republik Tschad;Chad;Republic of Chad;1;souveräner Staat;TCD;N;N;Afrika;235;.td;TCH;1996;9999;V
86;IO;IOT;Tschagos-Archipel;Britisches Territorium im Indischen Ozean;Chagos Archipelago;British Territory in the Indian Ocean;2;GBR;GBR;N;N;Asien;246;.io;GB;;;
203;CZ;CZE;Tschechien;Tschechische Republik;Czech Republic;Czech Republic;1;souveräner Staat;CZE;J, seit 2004;J;Europa;420;.cz;CZ;1993;9999;V
200;CS;CSK;Tschechoslowakei;Tschechoslowakei;Czechoslovakia;Czechoslovakia;0;;;;;Europa;42;.cs;CS;1918;1992;
258;PF;PYF;Tuamotuinseln ;Tuamotuinseln ;Tuamotu Archipelago;Tuamotu Archipelago;2;FRA;FRA;N;N;Ozeanien;689;.pf;F;;;
258;PF;PYF;Tubuaiinseln;Tubuaiinseln;Tubuai Islands;Tubuai Islands;2;FRA;FRA;N;N;Ozeanien;689;.pf;F;;;
788;TN;TUN;Tunesien;Tunesische Republik;Tunisia;Tunisiaan Republic;1;souveräner Staat;TUN;N;N;Afrika;216;.tn;TN;1959;9999;V
792;TR;TUR;Türkei;Republik Türkei;Turkey;Republic of Turkey;1;souveräner Staat;TUR;N;N;Asien;90;.tr;TR;1982;9999;V
795;TM;TKM;Turkmenistan;Turkmenistan;Turkmenistan;Turkmenistan;1;souveräner Staat;TKM;N;N;Asien;993;.tm;TM;2008;9999;V
796;TC;TCA;Turks- und Caicosinseln;Turks- und Caicosinseln;Turks and Caicos Islands;Turks and Caicos Islands;2;GBR;GBR;N;N;Amerika;1649;.tc;GB;;;
798;TV;TUV;Tuvalu;Tuvalu;Tuvalu;Tuvalu;1;souveräner Staat;TUV;N;N;Ozeanien;688;.tv;TUV;1978;9999;V
800;UG;UGA;Uganda;Republik Uganda;Uganda;Republic of Uganda;1;souveräner Staat;UGA;N;N;Afrika;256;.ug;EAU;1995;9999;V
804;UA;UKR;Ukraine;Ukraine;Ukraine;Ukraine;1;souveräner Staat;UKR;N;N;Europa;380;.ua;UA;1996;9999;V
784;AE;ARE;Umm al Kaiwain;Emirat Umm al Kaiwain;Umm al-Quwain;Emirate of Umm al-Quwain;3;ARE;ARE;N;N;Asien;971;.ae;UAE;;;
924;XX;XXX;Unbekannt;Unbekannt;Unknown;Unknown;999;;;;;;+;;;;;
348;HU;HUN;Ungarn;Ungarn;Hungary;Hungary;1;souveräner Staat;HUN;J, seit 2004;J;Europa;36;.hu;H;2012;9999;V
348;HU;HUN;Ungarn;Republik Ungarn;Hungary;Republic of Hungary;0;;;;;Europa;36;.hu;H;1989;2011;V
926;XZ;XXZ;Ungeklärt;Ungeklärt;Unexplained;Unexplained;999;;;;;;+;;;;;
858;UY;URY;Uruguay;Republik Östlich des Uruguay;Uruguay;Eastern Republic of Uruguay;1;souveräner Staat;URY;N;N;Amerika;598;.uy;ROU;1967;9999;V
860;UZ;UZB;Usbekistan;Republik Usbekistan;Uzbekistan;Republic of Uzbekistan;1;souveräner Staat;UZB;N;N;Asien;998;.uz;UZ;1992;9999;V
548;VU;VUT;Vanuatu;Republik Vanuatu;Vanuatu;Republic of Vanuatu;1;souveräner Staat;VUT;N;N;Ozeanien;678;.vu;VAN;1980;9999;V
336;VA;VAT;Vatikan;Staat Vatikanstadt;Vatican City;Vatican City State;1;souveräner Staat;VAT;N;N;Europa;379;.va;V;2001;9999;V
862;VE;VEN;Venezuela;Bolivarische Republik Venezuela;Venezuela;Bolivarian Republic of Venezuela;1;souveräner Staat;VEN;N;N;Amerika;58;.ve;YV;1999;9999;V
784;AE;ARE;Vereinigte Arabische Emirate;Vereinigte Arabische Emirate;United Arab Emirates;United Arab Emirates;1;souveräner Staat;ARE;N;N;Asien;971;.ae;UAE;1996;9999;V
840;US;USA;Vereinigte Staaten von Amerika;Vereinigte Staaten von Amerika;United States;United States of America;1;souveräner Staat;USA;N;N;Amerika;1;.us;USA;1959;9999;T
826;GB;GBR;Vereinigtes Königreich;Vereinigtes Königreich Großbritannien und Nordirland;United Kingdom;United Kingdom of Great Britain and Northern Ireland;1;souveräner Staat;GBR;J, seit 1973;J;Europa;44;.uk;GB;1921;9999;T
704;VN;VNM;Vietnam;Sozialistische Republik Vietnam;Vietnam;Socialist Republic of Vietnam;1;souveräner Staat;VNM;N;N;Asien;84;.vn;VN;1992;9999;V
704;VN;VNM;Vietnam (Nord);Demokratische Republik Vietnam;North Vietnam;Democratic Republic of Vietnam;0;;;;;Asien;84;;;1955;1975;
714;VD;VDR;Vietnam (Süd);Republik Vietnam;South Vietam;Republic of Vietnam;0;;;;;Asien;84;;;1955;1975;
762;TJ;TJK;Vorukh;Vorukh;Vorukh;Vorukh;3;TJK;TJK;N;N;Asien;992;.tj;TJ;;;
392;JP;JPN;Vulkaninseln ;Vulkaninseln ;Volcano Islands;Volcano Islands;3;JPN;JPN;N;N;Asien;81;.jp;J;;;
581;UM;UMI;Wakeinseln;Wakeinseln;Wake Island;Wake Island;2;USA;USA;N;N;Ozeanien;1;.us;USA;;;
826;GB;GBR;Wales;Wales;Wales;Wales;3;GBR;GBR;N;J;Europa;44;.uk;GB;;;
876;WF;WLF;Wallis und Futuna;Wallis und Futuna;Wallis and Futuna Islands;Territory of the Wallis and Futuna Islands;2;FRA;FRA;N;N;Ozeanien;681;.wf;F;;;
162;CX;CXR;Weihnachtsinsel;Weihnachtsinsel;Christmas Islands;Territory of Christmas Islands;2;AUS;AUS;N;N;Ozeanien;61;.cx;AUS;;;
112;BY;BLR;Weißrussland;Republik Belarus;Belarus;Republic of Belarus;1;souveräner Staat;BLR;N;N;Europa;375;.by;BY;1994;9999;V
275;PS;PSE;Westjordanland;Westjordanland;West Bank;West Bank;2;;;N;N;Asien;970;.ps;WB;;;
732;EH;ESH;Westsahara;Westsahara;Western Sahara;The Western Sahara;2;MAR;MAR;N;N;Afrika;212;.eh;WSA;;;
31;AZ;AZE;Yukhary Askipara;Yukhary Askipara;Yukhary Askipara;Yukhary Askipara;3;AZE;AZE;N;N;Asien;994;.az;AZ;;;
180;ZR;ZAR;Zaire;Republik Zaire;Zaire;Republic of Zaire;0;;;;;Afrika;243;.zr;ZRE;1971;1997;
140;CF;CAF;Zentralafrikanische Republik;Zentralafrikanische Republik;Central African Republic;Central African Republic;1;souveräner Staat;CAF;N;N;Afrika;236;.cf;RCA;2004;9999;V
196;CY;CYP;Zypern;Republik Zypern;Cyprus;Republic of Cyprus;1;souveräner Staat;CYP;J, seit 2004;J;Asien;357;.cy;CY;1960;9999;U=V
